{
  "fig_id": "fig01f",
  "figura": "F1",
  "material": "EJ-230",
  "dataset": "endonly_mylar_230",
  "optica": "sslg4",
  "x_mm": 690,
  "root_input": "/home/reriosto/SHiP/t0minidaq/endonly_mylar_230/photon_hits_x690mm.root",
  "sha256_input": "c67b636a1e0cf916b2a51dc7b10a9cda4784cfb8807cb2c7aded2bcf06eaad97",
  "binning": "2.0 ps primary, 2.5 ps variant; fit range [0.004,2.0] ns",
  "escala": "Y logaritmico (figura principal); Y lineal (h_trel_alt tambien en .root)",
  "n_hits_total": 5356237,
  "n_events": 2000,
  "n_trel_hits_0_2ns": 3391787,
  "t_min_per_event_median_ns": 0.2575520093980803,
  "t_min_per_event_p5_ns": 0.2474409825185522,
  "t_min_per_event_p95_ns": 0.2582934956252972,
  "fit_double_decay": {
    "N": 1796.5345981696412,
    "N_err": 615770610310.4427,
    "tau_rise_ns": 1.4981086057308255,
    "tau_rise_err_ns": 0.8205275536479136,
    "A_fast": 11.919773219403861,
    "A_fast_err": 6158030544.148339,
    "tau_fast_ns": 1.0000017870900828,
    "tau_fast_err_ns": 1.2324743119078696,
    "A_slow": 0.44800677924394794,
    "A_slow_err": 6157856671.246864,
    "tau_slow_ns": 3.0002898671594784,
    "tau_slow_err_ns": 10.48318327458616,
    "chi2": 60163.77856985979,
    "ndf": 992,
    "chi2_ndf": 60.648970332519944,
    "status": 3,
    "model": "N*(1-exp(-t/tau_rise))*(A_fast*exp(-t/tau_fast)+A_slow*exp(-t/tau_slow))"
  },
  "fit_single_decay": {
    "N": 196.3663144035569,
    "N_err": 614921795716.3307,
    "tau_rise_ns": 1.4990484209960768,
    "tau_rise_err_ns": 0.8139801792347728,
    "A_fast": 117.55201223561697,
    "A_fast_err": 6148820717.286589,
    "tau_fast_ns": 1.0014493041754513,
    "tau_fast_err_ns": 1.2521594058675862,
    "chi2": 62053.24168689084,
    "ndf": 994,
    "chi2_ndf": 62.42780853811956,
    "status": 3,
    "model": "N*(1-exp(-t/tau_rise))*A_fast*exp(-t/tau_fast)"
  },
  "slow_component_significance": {
    "delta_chi2": 1889.4631170310531,
    "delta_ndf": 2,
    "A_slow_significance_sigma": 7.275368738864036e-11,
    "second_component_resolved": false,
    "note": "Segunda componente NO resuelta a esta posicion (propagacion o escasez de fotones enmascara el modo lento)"
  },
  "time_convention": "time_ns = (GetGlobalTime() + G4RandGauss(0, 20ps)) / ns. t=0 is primary muon generation (Geant4 global clock). Includes: muon transit (~ps, negligible) + scintillation emission delay + optical propagation to SiPM + per-hit Gaussian jitter (20ps sigma). Verified: t_min per event at x=0 ~ 2.8 ns, consistent with 700mm / 27.7 cm/ns.",
  "jitter_per_hit_ps": 20.0,
  "readout_jitter_quadrature_ps": 20.0,
  "jitter_note": "Per-hit jitter in time_ns (SiPMSD.cc fJitterSigma=20ps default, scan.mac line commented \u2192 uses default) PLUS readout jitter in quadrature (endonly_sum4.py DEFAULT_READOUT_JITTER_PS=20). Same physical value at two stages. Likely double-counting. Pending Ren\u00e9/Gerardo decision.",
  "caption_label": "intrinseco (Etapa 1): sin time-walk/ToT/SPTR. t_rel = t_foton - t_min^evento (incl. jitter 20ps por hit). Bin 2.0 ps; escala Y log. Segunda componente NO resuelta (propagacion domina en esta posicion).",
  "comando": "python3.12 f1_sidecar.py fig_id=fig01f",
  "timestamp": "2026-06-15T21:49:57.469518+00:00",
  "exec_tag": "EXEC_14"
}