{
  "fig_id": "fig01e",
  "figura": "F1",
  "material": "EJ-230",
  "dataset": "endonly_mylar_230",
  "optica": "sslg4",
  "x_mm": 400,
  "root_input": "/home/reriosto/SHiP/t0minidaq/endonly_mylar_230/photon_hits_x400mm.root",
  "sha256_input": "1054527b17854828f663fecc31456723157cda7999785bae652ba51017fc10b6",
  "binning": "2.0 ps primary, 2.5 ps variant; fit range [0.004,2.0] ns",
  "escala": "Y logaritmico (figura principal); Y lineal (h_trel_alt tambien en .root)",
  "n_hits_total": 560052,
  "n_events": 2000,
  "n_trel_hits_0_2ns": 310680,
  "t_min_per_event_median_ns": 1.39625027473204,
  "t_min_per_event_p5_ns": 1.2870782075155827,
  "t_min_per_event_p95_ns": 1.5063093527351485,
  "fit_double_decay": {
    "N": 108467.61879383161,
    "N_err": 0.29899134112201864,
    "tau_rise_ns": 1.49441979388105,
    "tau_rise_err_ns": 2.3883833910609553e-08,
    "A_fast": 0.010899664146506866,
    "A_fast_err": 4.6952594806928816e-05,
    "tau_fast_ns": 1.0000020210969365,
    "tau_fast_err_ns": 9.046097204645775e-13,
    "A_slow": 0.006276235499196037,
    "A_slow_err": 1.8732845136204546e-05,
    "tau_slow_ns": 3.0001055578473914,
    "tau_slow_err_ns": 6.047984335566525e-11,
    "chi2": 20743.08158750648,
    "ndf": 992,
    "chi2_ndf": 20.91036450353476,
    "status": 4,
    "model": "N*(1-exp(-t/tau_rise))*(A_fast*exp(-t/tau_fast)+A_slow*exp(-t/tau_slow))"
  },
  "fit_single_decay": {
    "N": 461.44716680011044,
    "N_err": 614930798584.5586,
    "tau_rise_ns": 1.4999998151611833,
    "tau_rise_err_ns": 0.7996292819025378,
    "A_fast": 4.614471579367577,
    "A_fast_err": 6149307985.846455,
    "tau_fast_ns": 1.0165018563986217,
    "tau_fast_err_ns": 1.3021746574271693,
    "chi2": 3584.099638075812,
    "ndf": 994,
    "chi2_ndf": 3.605734042329791,
    "status": 3,
    "model": "N*(1-exp(-t/tau_rise))*A_fast*exp(-t/tau_fast)"
  },
  "slow_component_significance": {
    "delta_chi2": -17158.98194943067,
    "delta_ndf": 2,
    "A_slow_significance_sigma": 335.0390959601806,
    "second_component_resolved": false,
    "note": "Segunda componente NO resuelta a esta posicion (propagacion o escasez de fotones enmascara el modo lento)"
  },
  "time_convention": "time_ns = (GetGlobalTime() + G4RandGauss(0, 20ps)) / ns. t=0 is primary muon generation (Geant4 global clock). Includes: muon transit (~ps, negligible) + scintillation emission delay + optical propagation to SiPM + per-hit Gaussian jitter (20ps sigma). Verified: t_min per event at x=0 ~ 2.8 ns, consistent with 700mm / 27.7 cm/ns.",
  "jitter_per_hit_ps": 20.0,
  "readout_jitter_quadrature_ps": 20.0,
  "jitter_note": "Per-hit jitter in time_ns (SiPMSD.cc fJitterSigma=20ps default, scan.mac line commented \u2192 uses default) PLUS readout jitter in quadrature (endonly_sum4.py DEFAULT_READOUT_JITTER_PS=20). Same physical value at two stages. Likely double-counting. Pending Ren\u00e9/Gerardo decision.",
  "caption_label": "intrinseco (Etapa 1): sin time-walk/ToT/SPTR. t_rel = t_foton - t_min^evento (incl. jitter 20ps por hit). Bin 2.0 ps; escala Y log. Segunda componente NO resuelta (propagacion domina en esta posicion).",
  "comando": "python3.12 f1_sidecar.py fig_id=fig01e",
  "timestamp": "2026-06-15T21:49:45.643855+00:00",
  "exec_tag": "EXEC_14"
}