npe_threshold,n_events_pass,sigma_lr_ps,sigma_lr_err_ps,sigma_single_ps,sigma_single_err_ps,fit_chi2_ndf
5,61510,6963.64390144498,80.74417013906387,4924.039824480091,57.09475024661239,88.54004449310808
10,61510,6963.64390144498,80.74417013906387,4924.039824480091,57.09475024661239,88.54004449310808
15,61510,6963.64390144498,80.74417013906387,4924.039824480091,57.09475024661239,88.54004449310808
20,61510,6963.64390144498,80.74417013906387,4924.039824480091,57.09475024661239,88.54004449310808
25,61510,6963.64390144498,80.74417013906387,4924.039824480091,57.09475024661239,88.54004449310808
