npe_threshold,n_events_pass,sigma_lr_ps,sigma_lr_err_ps,sigma_single_ps,sigma_single_err_ps,fit_chi2_ndf
5,58835,5321.268302368117,31.766427209795722,3762.7049011175227,22.46225609411541,116.41998838862146
10,58835,5321.268302368117,31.766427209795722,3762.7049011175227,22.46225609411541,116.41998838862146
15,58835,5321.268302368117,31.766427209795722,3762.7049011175227,22.46225609411541,116.41998838862146
20,58835,5321.268302368117,31.766427209795722,3762.7049011175227,22.46225609411541,116.41998838862146
25,58835,5321.268302368117,31.766427209795722,3762.7049011175227,22.46225609411541,116.41998838862146
