{
  "fig_id": "fig01c",
  "figura": "F1",
  "material": "EJ-204",
  "dataset": "endonly_mylar_20260614",
  "optica": "sslg4",
  "x_mm": 690,
  "root_input": "/home/reriosto/SHiP/t0minidaq/endonly_mylar_20260614/photon_hits_x690mm.root",
  "sha256_input": "61435a5c9e69350aed0ca07612483bb3c78b879b1b5edd3fe7215e2e67037d55",
  "binning": "2.0 ps primary, 2.5 ps variant; fit range [0.004,2.0] ns",
  "escala": "Y logaritmico (figura principal); Y lineal (h_trel_alt tambien en .root)",
  "n_hits_total": 5862560,
  "n_events": 2000,
  "n_trel_hits_0_2ns": 3132358,
  "t_min_per_event_median_ns": 0.2575863628189381,
  "t_min_per_event_p5_ns": 0.24767143254330032,
  "t_min_per_event_p95_ns": 0.2582923466549289,
  "fit_double_decay": {
    "N": 1189.1939073012045,
    "N_err": 618789510623.6025,
    "tau_rise_ns": 1.4496452869401228,
    "tau_rise_err_ns": 0.6822864521404948,
    "A_fast": 11.061849375132871,
    "A_fast_err": 6188183437.269609,
    "tau_fast_ns": 1.2217739270533685,
    "tau_fast_err_ns": 1.4494418721103144,
    "A_slow": 1.9776270286089512,
    "A_slow_err": 6187982027.812354,
    "tau_slow_ns": 3.044707220061493,
    "tau_slow_err_ns": 10.135456458653994,
    "chi2": 63738.50500899649,
    "ndf": 992,
    "chi2_ndf": 64.25252521068195,
    "status": 3,
    "model": "N*(1-exp(-t/tau_rise))*(A_fast*exp(-t/tau_fast)+A_slow*exp(-t/tau_slow))"
  },
  "fit_single_decay": {
    "N": 189.90547887487094,
    "N_err": 614919598265.0417,
    "tau_rise_ns": 1.4937343574909754,
    "tau_rise_err_ns": 0.83584338267511,
    "A_fast": 109.35470851059209,
    "A_fast_err": 6148813961.885862,
    "tau_fast_ns": 1.031411464573804,
    "tau_fast_err_ns": 1.327252841552367,
    "chi2": 115264.52280894118,
    "ndf": 994,
    "chi2_ndf": 115.9602845160374,
    "status": 3,
    "model": "N*(1-exp(-t/tau_rise))*A_fast*exp(-t/tau_fast)"
  },
  "slow_component_significance": {
    "delta_chi2": 51526.01779994469,
    "delta_ndf": 2,
    "A_slow_significance_sigma": 3.1959159217340267e-10,
    "second_component_resolved": false,
    "note": "Segunda componente NO resuelta a esta posicion (propagacion o escasez de fotones enmascara el modo lento)"
  },
  "time_convention": "time_ns = (GetGlobalTime() + G4RandGauss(0, 20ps)) / ns. t=0 is primary muon generation (Geant4 global clock). Includes: muon transit (~ps, negligible) + scintillation emission delay + optical propagation to SiPM + per-hit Gaussian jitter (20ps sigma). Verified: t_min per event at x=0 ~ 2.8 ns, consistent with 700mm / 27.7 cm/ns.",
  "jitter_per_hit_ps": 20.0,
  "readout_jitter_quadrature_ps": 20.0,
  "jitter_note": "Per-hit jitter in time_ns (SiPMSD.cc fJitterSigma=20ps default, scan.mac line commented \u2192 uses default) PLUS readout jitter in quadrature (endonly_sum4.py DEFAULT_READOUT_JITTER_PS=20). Same physical value at two stages. Likely double-counting. Pending Ren\u00e9/Gerardo decision.",
  "caption_label": "intrinseco (Etapa 1): sin time-walk/ToT/SPTR. t_rel = t_foton - t_min^evento (incl. jitter 20ps por hit). Bin 2.0 ps; escala Y log. Segunda componente NO resuelta (propagacion domina en esta posicion).",
  "comando": "python3.12 f1_sidecar.py fig_id=fig01c",
  "timestamp": "2026-06-15T21:49:43.473653+00:00",
  "exec_tag": "EXEC_14"
}